SampleIDX,obs_class,null_class,obs_u,obs_v,obs_x,obs_y,null_u,null_v,null_x,null_y,delta_y
P5-01,2,1,0.5259163065662376,0.14786917582944148,0.5463087539777768,0.6510196387895857,0.5016234590405679,0.865086068169044,1.0,0.330945212548263,0.3200744262413227
P5-02,2,1,0.5168996375047493,0.016530469139680284,0.5171638924582024,0.9592956258645178,0.4121455021686652,0.9111180412230563,1.0,0.4591181481351939,0.5001774777293239
P5-03,2,1,0.6057563555896337,0.024584831967029694,0.6062550422883771,0.948353475529509,0.9152478529292815,0.40289126040203516,1.0,0.4720211110873628,0.4763323644421462
P5-04,0,1,0.015960161129567097,0.9987624947467941,0.9988900077867041,0.9796554446721021,0.5209446806275528,0.8535904402732359,0.9999999999999999,0.30231910753087876,0.6773363371412233
P5-05,2,1,0.14031500169346794,0.331580476732346,0.36004709726685447,0.4902969566646219,0.553511186178346,0.8328417417345508,1.0,0.25315044239626855,0.23714651426835337
P5-06,0,1,0.8292848247825988,0.023815780789871458,0.8296267305417159,0.9634445720480475,0.681490976148858,0.7318265159364454,0.9999999999999999,0.04532748158445508,0.9181170904635924
P5-07,0,1,0.8914832546845676,0.11461033700045935,0.89882029501472,0.8372035218629859,0.6485031847214401,0.7612119411873081,1.0,0.10158126103937169,0.7356222608236141
P5-08,0,1,0.05950709891831753,0.9713588717319144,0.9731799178538222,0.922096536677191,0.6432384651469151,0.7656659042659799,0.9999999999999999,0.11036156079892341,0.8117349758782676
P5-09,0,1,0.1422214626228296,0.8111709163516778,0.8235442914412058,0.7790108327326047,0.660565094737805,0.750768776397923,1.0,0.0812670138316527,0.697743818900952
P5-10,2,0,0.46505538494320436,0.14101685960240687,0.4859652927491807,0.6251407773006404,0.9786493896847077,0.20553679006384457,0.9999999999999999,0.7364239105212892,-0.11128313322064876
P5-11,0,1,-0.0,0.995381777632513,0.995381777632513,1.0,0.723254952529873,0.6905811130062933,0.9999999999999999,0.029419408527690562,0.9705805914723095
P5-12,2,1,0.19624361912002253,-0.0,0.19624361912002253,1.0,0.8031760588153107,0.5957417381264338,1.0,0.18743273315147133,0.8125672668485286
P5-13,2,0,0.4074304272256184,0.37500473771241033,0.5537401072127642,0.052735435598531354,0.21482237258058992,0.9766531360922597,0.9999999999999998,0.7243309665141434,-0.6715955309156121
P5-14,0,0,0.019298375885748863,0.9926793915842185,0.9928669607695896,0.9752504577808702,0.1672517603505888,0.985914219726863,0.9999999999999999,0.7860429140940991,0.18920754368677106
P5-15,0,1,0.7944029412408923,0.29116361444670136,0.8460805419283958,0.5526925536117763,0.6569756981731597,0.7539117534631552,1.0,0.0873415962938616,0.46535095731791465
P5-16,0,1,0.0791770199160217,0.778451492743842,0.7824677162911566,0.8709414511592731,0.6937974151633797,0.7201702206510715,1.0,0.02374524350298846,0.8471962076562847
P5-17,0,1,0.9477109313582374,0.16379540367587556,0.9617613756443126,0.7820952882783065,0.8556450668606386,0.5175630585320531,1.0,0.3073571603230904,0.47473812795521614
P5-18,0,1,0.8878183625917746,0.31322190009341366,0.9414506910365875,0.5681596070559266,0.8494382801166984,0.5276879838241396,1.0,0.2922361355657608,0.27592347149016583
P5-19,2,1,0.6240734167276035,-0.0,0.6240734167276035,1.0,0.7859788361227616,0.6182534020667488,1.0,0.15136221061560007,0.8486377893843999
P5-20,2,1,0.46692316545653256,0.2869079809304148,0.5480268533215464,0.29846060709346,0.6897941611473358,0.7240055353704443,1.0000000000000002,0.03080406337905152,0.2676565437144085
P5-21,0,1,0.08019531286780626,0.9871648446502329,0.9904169418579651,0.8967911941669334,0.8200791093414544,0.5722501676904314,1.0,0.2242825263268961,0.6725086678400374
P5-22,0,0,0.9543213738531642,0.0263839044878788,0.9546860190706765,0.9648080023091402,0.9385277131603028,0.3452038986310735,1.0,0.5512390446544504,0.4135689576546898
P5-23,2,0,0.7035728782265024,0.003683284068477287,0.7035825193660328,0.9933345070089205,0.9354807180170435,0.353377738713571,1.0,0.5401321678058841,0.4532023392030363
P5-24,0,1,0.04736340744620868,0.8277506831031137,0.8291046289477505,0.9272253354732876,0.5813551357196295,0.8136499285149672,1.0,0.21009083962849387,0.7171344958447937
P5-25,2,1,0.6069584942691992,0.3147839137571862,0.683730594697813,0.39083581691106056,0.9021149690480034,0.4314957504072547,1.0,0.43194396158220943,-0.04110814467114887
P5-26,0,1,0.2462662171314722,0.8193825232733323,0.8555903044951002,0.6282621808687013,0.8429458361298913,0.5379984361978001,0.9999999999999999,0.276722502284057,0.35153967858464436
P5-27,0,1,-0.0,0.8993027740742736,0.8993027740742736,1.0,0.8846297440513635,0.4662941302864739,1.0,0.3823553747708775,0.6176446252291226
P5-28,0,1,0.07089573282702366,0.9969865880753725,0.9995041079131457,0.909612062862858,0.44619604279208713,0.8949352442476952,0.9999999999999999,0.41111362977338967,0.49849843308946834
P5-29,0,1,0.9952299338971198,0.06113883416281906,0.9971061018606064,0.9218806881792165,0.8248252456039505,0.5653877556282791,1.0,0.2349061758931868,0.6869745122860298
P5-30,0,1,0.9966414378402761,-0.0,0.9966414378402761,1.0,0.7378978545970901,0.6749124063024856,0.9999999999999999,0.056725590653357465,0.9432744093466425
P5-31,1,1,0.6907820597596565,0.43522896517757426,0.8164582697329581,0.28415375289102196,0.8640058135727301,0.5034818309656517,1.0000000000000002,0.3282083403926993,-0.044054587501677345
P5-32,1,1,0.689927813336576,0.3438718642610195,0.7708749876897929,0.4112788132156658,0.8580713152277664,0.5135305424055039,0.9999999999999999,0.31334922479127053,0.09792958842439525
P5-33,0,1,0.23946511158441752,0.9481488493079907,0.9779211522971596,0.6850167672042534,0.41111382224813287,0.9115840198009894,0.9999999999999999,0.4605594978325921,0.22445726937166133
P5-34,2,1,0.5439600849967737,0.0765100183447186,0.5493144427163794,0.8220812579868347,0.7970070659551648,0.6039699800631979,1.0,0.1743386934494963,0.6477425645373385
P5-35,2,1,0.5261532589795205,0.041419675540907315,0.5277810544692604,0.8999747089784008,0.703172186017937,0.7110196036754234,1.0,0.007065194414429693,0.8929095145639712
P5-36,0,0,0.8891413531831471,-0.0,0.8891413531831471,1.0,0.25417347779144034,0.9671586442706305,0.9999999999999999,0.6727863253897817,0.32721367461021833
P5-37,0,1,0.8600376911481309,0.18197442087560303,0.8790787905804683,0.7345123828659567,0.4993161802170202,0.8664198475182133,0.9999999999999999,0.3343384633289751,0.40017391953698156
P5-38,0,0,0.760865131023785,-0.0,0.760865131023785,1.0,0.2605788775125772,0.9654525615452502,0.9999999999999999,0.6643463677437877,0.33565363225621225
P5-40,0,1,0.834175482257528,0.10148660105450276,0.8403262850781089,0.8458539842274674,0.509339207534379,0.8605658438889211,1.0,0.3195594509522386,0.5262945332752288
P5-41,0,0,0.9999244065598326,-0.0,0.9999244065598326,1.0,0.9462646079743398,0.3233934008219235,1.0,0.5807051545857692,0.4192948454142308
P5-43,2,0,0.06470080865395697,0.07412672955778958,0.0983919035053679,0.08631618910812741,0.9309608463742717,0.36511902513851535,1.0,0.5241131578651523,-0.4377969687570249
P5-44,0,1,0.9465487100963544,0.1590361633432344,0.9598161083436808,0.7880538556296042,0.44857014169772536,0.8937476310331025,1.0,0.4077337183576049,0.38032013727199926
P5-45,0,1,0.9505853877321558,0.03616656577349341,0.9512731468141742,0.9515808864595764,0.45588952956028284,0.890036368266659,0.9999999999999999,0.397284827941718,0.5542960585178585
P5-46,0,1,0.9926241788745521,0.004063220449181655,0.99263249505887,0.9947881341501035,0.8240247435736757,0.5665538120764329,1.0,0.23310532203331855,0.7616828121167849
P5-48,2,1,0.03962025560119247,0.6039809234065159,0.6052790434939008,0.9165968638686488,0.46156567472105264,0.8871060409665237,1.0,0.3891514697287705,0.5274453941398782
P5-96,0,1,0.9948038610293453,-0.0,0.9948038610293453,1.0,0.5407793524848419,0.8411644856543071,1.0,0.27251758848087476,0.7274824115191252
P5-95,0,1,0.9652009257834696,0.11260911100415655,0.9717477239563843,0.8521208472966841,0.5915278481107993,0.8062845681950059,1.0,0.1940999097887113,0.6580209375079729
P5-94,0,1,0.9857083902654861,1.3102385093914935e-05,0.9857083903525669,0.999983075648949,0.4682871540092995,0.8835763359155058,1.0,0.3794851261368365,0.6204979495121125
P5-93,0,1,0.01422237451169926,0.9998804548078364,0.9999815997524538,0.9818905665702822,0.5334509042894381,0.8458310308287234,1.0,0.2835796348929402,0.6983109316773419
P5-92,0,1,0.22491005551893162,0.8734569207931242,0.9019487377644779,0.6791188603684806,0.5273499810362801,0.8496481610060925,0.9999999999999999,0.29274271192307905,0.3863761484454015
P5-91,2,1,0.07140131841869879,0.2728482620288471,0.28203603025870794,0.674115333699361,0.7940831502736464,0.6078091398222648,1.0,0.1681942768885301,0.505921056810831
P5-90,2,1,0.6459165051040685,0.17959106074098896,0.6704185861563862,0.654709024043086,0.47779342698002447,0.8784722198992317,1.0,0.3657469743700676,0.28896204967301836
P5-89,0,1,0.20318385501503755,0.9603377402798251,0.981596788067551,0.7345288064238125,0.38959819656407907,0.9209849321427671,1.0,0.4904555481860934,0.24407325823771908
P5-88,0,1,0.3432471384921265,0.8794984643733477,0.9441060040684572,0.5262331550938691,0.4770442676251768,0.8788792674343607,1.0,0.36683253894265666,0.15940061615121248
P5-86,0,1,0.9957474566654233,0.08789686500410795,0.9996193557215713,0.8878988461101933,0.7887492168603117,0.6147151152381441,0.9999999999999999,0.1570839339579309,0.7308149121522625
P5-85,0,1,0.745870083953546,-0.0,0.745870083953546,1.0,0.3991928313141285,0.9168669933133212,1.0,0.47716159644656186,0.5228384035534381
P5-84,0,1,0.9310427267728983,-0.0,0.9310427267728983,1.0,0.39300049252477365,0.9195382606913567,1.0,0.4857482640370435,0.5142517359629565
P5-83,0,1,0.002351339789015496,0.9215797545488866,0.9215827541752231,0.9967514343806002,0.6014759756826124,0.7988908878417936,0.9999999999999999,0.17831822410744977,0.8184332102731504
P5-82,0,0,0.7718132795994356,0.05516140859922901,0.7737819586709731,0.9091561773797971,0.32834571875984014,0.9445576154857279,1.0,0.5740355983046802,0.33512057907511694
P5-81,0,0,0.12636238248257542,0.8554382697510365,0.8647208133619312,0.8132717921195208,0.3724407032295005,0.9280559910791564,1.0,0.5140839836359429,0.29918780848357795
P5-80,0,1,0.7914957613597441,0.18345619328025867,0.8124787474779415,0.7100040814751496,0.7350596003669629,0.678002495503048,1.0,0.051383388837908064,0.6586206926372415
P5-79,1,1,0.6710234892584314,0.47196593442594,0.8203806228788627,0.21953941702841545,0.6004989464072923,0.7996255469679119,1.0000000000000002,0.17987465746991385,0.0396647595585016
P5-78,2,1,0.413955723478133,0.017709363264817493,0.4143343608096603,0.945562968453237,0.40005486902430165,0.9164911902304075,1.0,0.47596425221714583,0.4695987162360911
P5-77,0,0,0.7129237331679357,0.0321245644439207,0.7136471375650698,0.9426662144931338,0.3090361796058399,0.9510502824218219,1.0,0.5999743154331156,0.3426918990600182
P5-76,0,1,0.1579878706170921,0.8959584238971136,0.9097811080772796,0.7777691956312184,0.7130530699325135,0.7011100623010756,1.0,0.010752612445781169,0.7670165831854372
P5-75,2,0,0.4729840938461048,0.0783589834342611,0.4794309995361915,0.7909618340492468,0.9537261465967538,0.30067663244373866,0.9999999999999999,0.6111500497876304,0.17981178426161637
P5-74,2,1,0.46554702724195046,-0.0,0.46554702724195046,1.0,0.9101637181081946,0.41424872509093735,1.0,0.4561774659569228,0.5438225340430771
P5-72,2,1,0.2584800901965997,0.3974010911009678,0.47406706723445996,0.26575485181019964,0.7873456448629821,0.6165118291771009,1.0,0.15418100431550438,0.11157384749469526
P5-71,2,1,0.16871171562358633,0.42328318773791995,0.45566687394436417,0.5170849081728601,0.6890119955703119,0.7247499361574421,1.0,0.0321788765425003,0.48490603163035984
P5-70,2,0,-0.0,0.32686927508623737,0.32686927508623737,1.0,0.9522483198335717,0.3053246425923391,0.9999999999999999,0.6049400834966443,0.3950599165033557
P5-68,0,1,0.9910356833257358,-0.0,0.9910356833257358,1.0,0.782254322329438,0.622959208292896,1.0,0.14372099915226325,0.8562790008477368
P5-67,0,1,0.9808359299490679,0.004198826378355182,0.9808449172127102,0.9945494664640139,0.682877432949505,0.7305329640531593,1.0,0.0429131763183768,0.9516362901456371
P5-66,1,0,0.7887215300702917,0.4047064203291898,0.8864924921577672,0.39637488796807757,0.9378124247705977,0.34714241450144384,1.0,0.5486081845708257,-0.15223329660274815
P5-65,0,1,0.8237724222134909,0.21133212963123366,0.8504482774478143,0.680256203300734,0.8819661061866608,0.4713128340475566,0.9999999999999999,0.3751211282955229,0.3051350750052111
P5-63,0,1,0.9188975116699531,0.04095920288971078,0.9198099223505867,0.943283795702195,0.7361609960756127,0.6768064626294299,1.0,0.05345355563641449,0.8898302400657805
P5-62,0,1,0.8967609174530935,0.062109887910158354,0.8989092174672181,0.9119557098358658,0.6292798516335859,0.7771787878783183,1.0,0.13339974981148853,0.7785559600243773
P5-60,0,0,0.06605095915139243,0.8542230815038031,0.8567729000024872,0.9017450008695587,0.2871011195518559,0.9579002803799938,0.9999999999999998,0.629233697354288,0.27251130351527064
P5-58,2,1,0.6835245295578846,-0.0,0.6835245295578846,1.0,0.5025288820340156,0.8645604216719861,1.0,0.32961219998015606,0.670387800019844
P5-57,0,1,0.08612116013877955,0.7226950796433976,0.7278083761296144,0.8489844485796968,0.39711290796847787,0.91776976324393,1.0,0.48004853252223745,0.36893591605745935
P5-53,0,1,0.8520145302769109,0.2948374757723465,0.901586322502063,0.5758211273355006,0.8464957358443407,0.532395500729813,1.0,0.285167722252924,0.2906534050825766
P5-52,2,1,0.4546969613702726,-0.0,0.4546969613702726,1.0,0.6586345397308001,0.7524629845205656,0.9999999999999999,0.08453737797737261,0.9154626220226274
P5-51,0,1,0.9848647998182933,0.004531181934408457,0.9848752233307779,0.9941421001971411,0.7012378936803368,0.7129273570755752,1.0,0.01052433446438,0.9836177657327612
P5-49,2,0,0.44804652186320465,-0.0,0.44804652186320465,1.0,0.21088608763911948,0.9775106434409119,0.9999999999999999,0.7294603491390222,0.27053965086097775
